ts,equity,buy_hold
,10000.0,10000.0
1676764800000,10000.0,9985.007496251874
1676851200000,10000.0,10555.809051995742
1676937600000,10000.0,10041.283705973101
1677024000000,10000.0,9711.665906177346
1677110400000,10000.0,9611.1726745323
1677196800000,10000.0,9273.515416204942
1677283200000,10000.0,8992.13436759881
1677369600000,10000.0,9345.870542989376
1677456000000,10000.0,9116.745974838668
1677542400000,10000.0,8799.18736284032
1677628800000,10000.0,9048.410577320037
1677715200000,10000.0,8843.40438476414
1677801600000,10000.0,8610.260087347631
1677888000000,10000.0,8433.39199965235
1677974400000,10000.0,8429.372270386546
1678060800000,10000.0,8292.701475349282
1678147200000,10000.0,8139.9517632488105
1678233600000,9996.24875,7400.321578341264
1678320000000,9846.060491580662,6966.190817634661
1678406400000,9846.060491580662,7303.84807596202
1678492800000,9846.060491580662,7263.6507833040005
1678579200000,9846.060491580662,8119.853116919801
1678665600000,9846.060491580662,8200.247702235838
1678752000000,9846.060491580662,8385.155248462725
1678838400000,9846.060491580662,7733.95910740282
1678924800000,9846.060491580662,7906.807465832302
1679011200000,9846.060491580662,8682.615214132065
1679097600000,9846.060491580662,8521.826043499988
1679184000000,9846.060491580662,8787.128175042913
1679270400000,9846.060491580662,8895.660865219565
1679356800000,9846.060491580662,9056.45003585164
1679443200000,9846.060491580662,8610.260087347631
1679529600000,9846.060491580662,8907.72005301697
1679616000000,9846.060491580662,8304.760663146688
1679702400000,9846.060491580662,8204.267431501641
1679788800000,9846.060491580662,8417.31308258914
1679875200000,9846.060491580662,8003.280968211547
1679961600000,9846.060491580662,8220.346348564848
1680048000000,9846.060491580662,8481.628750841972
1680134400000,9846.060491580662,8260.543641222868
1680220800000,9846.060491580662,8505.747126436781
1680307200000,9846.060491580662,8473.589292310366
1680393600000,9846.060491580662,8248.48445342546
1680480000000,9846.060491580662,8220.346348564848
1680566400000,9846.060491580662,8409.273624057538
1680652800000,9846.060491580662,8429.372270386546
1680739200000,9846.060491580662,8288.68174608348
1680825600000,9846.060491580662,8216.326619299047
1680912000000,9846.060491580662,8055.537448666971
1680998400000,9846.060491580662,8152.010951046217
1681084800000,9846.060491580662,8397.214436260132
1681171200000,9846.060491580662,9237.337852812725
1681257600000,9846.060491580662,9566.95565260848
1681344000000,9846.060491580662,9820.198596353997
1681430400000,9846.060491580662,9932.75101579645
1681516800000,9846.060491580662,9667.448884253527
1681603200000,9846.060491580662,10185.99395954197
1681689600000,9846.060491580662,9880.494535341026
1681776000000,9846.060491580662,9976.968037720271
1681862400000,9846.060491580662,9108.706516307064
1681948800000,9846.060491580662,8923.798970080177
1682035200000,9846.060491580662,8541.924689828998
1682121600000,9846.060491580662,8758.9900701823
1682208000000,9846.060491580662,8630.35873367664
1682294400000,9846.060491580662,8594.181170284422
1682380800000,9846.060491580662,8815.266279903526
1682467200000,9846.060491580662,8553.983877626406
1682553600000,9846.060491580662,8976.055450535601
1682640000000,9846.060491580662,9382.048106381591
1682726400000,9846.060491580662,9321.752167394565
1682812800000,9846.060491580662,9140.86435043348
1682899200000,9846.060491580662,8827.325467700934
1682985600000,9846.060491580662,8943.897616409187
1683072000000,9846.060491580662,8939.877887143384
1683158400000,9846.060491580662,8738.89142385329
1683244800000,9846.060491580662,9173.022184559895
1683331200000,9846.060491580662,8807.226821371924
1683417600000,9846.060491580662,8706.733589726877
1683504000000,9842.366988138758,8288.68174608348
1683590400000,9845.948241954802,8300.740933880885
1683676800000,9876.985775027195,8405.253894791735
1683763200000,9788.648180898077,8107.793929122397
1683849600000,9875.79202375518,8401.234165525933
1683936000000,9868.62951612309,8377.115789931122
1684022400000,9879.373277571225,8413.293353323339
1684108800000,9886.535785203316,8437.411728918149
1684195200000,9848.335744498832,8308.780392412491
1684281600000,9894.892044107422,8465.549833778763
1684368000000,9808.941952522335,8176.129326641028
1684454400000,9811.329455066363,8184.168785172631
1684540800000,9801.779444890244,8152.010951046217
1684627200000,9721.798109665231,7882.68909023749
1684713600000,9708.752170835858,7850.531256111076
1684800000000,9708.752170835858,8047.497990135367
1684886400000,9708.752170835858,7725.919648871217
1684972800000,9708.752170835858,7737.9788366686225
1685059200000,9708.752170835858,7778.176129326642
1685145600000,9708.752170835858,8212.306890033244
1685232000000,9708.752170835858,8365.056602133716
1685318400000,9708.752170835858,8268.58309975447
1685404800000,9708.752170835858,8541.924689828998
1685491200000,9708.752170835858,8365.056602133716
1685577600000,9708.752170835858,8236.425265628055
1685664000000,9708.752170835858,8545.944419094802
1685750400000,9708.752170835858,8517.806314234189
1685836800000,9708.752170835858,8771.049257979706
1685923200000,9708.752170835858,8039.458531603764
1686009600000,9708.752170835858,8192.208243704235
1686096000000,9708.752170835858,7492.7753514547085
1686182400000,9708.752170835858,7593.268583099755
1686268800000,9705.110175177775,6994.328922495274
1686355200000,9452.151539530281,6274.797383916737
1686441600000,9448.605801184014,6250.679008321927
1686528000000,9393.838579001864,6105.968754753058
1686614400000,9370.647584561159,6045.67281576603
1686700800000,9280.71093533951,5820.567976881125
1686787200000,9280.71093533951,5937.14012558938
1686873600000,9280.71093533951,6154.205505942681
1686960000000,9280.71093533951,6286.856571714144
1687046400000,9280.71093533951,6210.481715663907
1687132800000,9280.71093533951,6471.76411794103
1687219200000,9280.71093533951,6688.829498294332
1687305600000,9280.71093533951,6925.993524976642
1687392000000,9280.71093533951,6680.790039762728
1687478400000,9280.71093533951,6885.796232318623
1687564800000,9280.71093533951,6688.829498294332
1687651200000,9280.71093533951,6817.460834799992
1687737600000,9280.71093533951,6540.099515459661
1687824000000,9280.71093533951,6684.809769028529
1687910400000,9280.71093533951,6419.507637485605
1687996800000,9280.71093533951,7231.492949177585
1688083200000,9280.71093533951,7581.209395302349
1688169600000,9280.71093533951,7516.893727049519
1688256000000,9280.71093533951,7818.37342198466
1688342400000,9280.71093533951,7741.998565934425
1688428800000,9280.71093533951,7689.742085479
1688515200000,9280.71093533951,7637.485605023576
1688601600000,9280.71093533951,7882.68909023749
1688688000000,9280.71093533951,8642.417921474045
1688774400000,9280.71093533951,8767.029528713903
1688860800000,9280.71093533951,8570.062794689613
1688947200000,9280.71093533951,8562.023336158009
1689033600000,9280.71093533951,8871.542489624753
1689120000000,9280.71093533951,8819.28600916933
1689206400000,9280.71093533951,10455.315820350696
1689292800000,9280.71093533951,10720.617951893619
1689379200000,9280.71093533951,11038.176563891968
1689465600000,9280.71093533951,11022.09764682876
1689552000000,9280.71093533951,10772.874432349045
1689638400000,9280.71093533951,10266.388544858006
1689724800000,9280.71093533951,10575.90769832475
1689811200000,9280.71093533951,10202.072876605176
1689897600000,9280.71093533951,10250.309627794799
1689984000000,9280.71093533951,9856.376159746214
1690070400000,9280.71093533951,9952.84966212546
1690156800000,9280.71093533951,9394.107294178999
1690243200000,9280.71093533951,9353.910001520979
1690329600000,9280.71093533951,10117.658562023338
1690416000000,9280.71093533951,10089.520457162724
1690502400000,9280.71093533951,9976.968037720271
1690588800000,9280.71093533951,10117.658562023338
1690675200000,9280.71093533951,9747.843469569563
1690761600000,9280.71093533951,9538.817547747865
1690848000000,9280.71093533951,9667.448884253527
1690934400000,9280.71093533951,9305.673250331356
1691020800000,9280.71093533951,9104.686787041263
1691107200000,9280.71093533951,9164.982726028291
1691193600000,9280.71093533951,9104.686787041263
1691280000000,9280.71093533951,9325.771896660366
1691366400000,9280.71093533951,9293.614062533952
1691452800000,9280.71093533951,9735.784281772158
1691539200000,9280.71093533951,9800.099950024987
1691625600000,9280.71093533951,9896.573452404233
1691712000000,9280.71093533951,9896.573452404233
1691798400000,9280.71093533951,10013.145601112488
1691884800000,9280.71093533951,9739.80401103796
1691971200000,9280.71093533951,10121.678291289138
1692057600000,9280.71093533951,9607.152945266496
1692144000000,9280.71093533951,9173.022184559895
1692230400000,9277.229508649893,8706.733589726877
1692316800000,9242.914451866955,8578.102253221216
1692403200000,9303.552373187322,8803.20709210612
1692489600000,9289.475712880809,8750.950611650696
1692576000000,9227.754971536862,8521.826043499988
1692662400000,9161.702950098605,8276.622558286075
1692748800000,9286.227252810075,8738.89142385329
1692835200000,9212.595491206772,8465.549833778763
1692921600000,9139.979437524804,8208.287160767444
1693008000000,9139.979437524804,8156.030680312018
1693094400000,9139.979437524804,8357.017143602112
1693180800000,9139.979437524804,8264.563370488668
1693267200000,9139.979437524804,8758.9900701823
1693353600000,9139.979437524804,8369.076331399518
1693440000000,9139.979437524804,7934.945570692914
1693526400000,9139.979437524804,7770.136670795037
1693612800000,9139.979437524804,7838.472068313669
1693699200000,9139.979437524804,7866.610173174283
1693785600000,9139.979437524804,7846.511526845273
1693872000000,9139.979437524804,8143.971492514614
1693958400000,9139.979437524804,7894.748278034896
1694044800000,9139.979437524804,8007.30069747735
1694131200000,9139.979437524804,7882.68909023749
1694217600000,9139.979437524804,7814.353692718859
1694304000000,9136.550802738302,7331.9861808226315
1694390400000,9071.336381972638,7122.9602590009345
1694476800000,9096.932906818663,7203.354844316973
1694563200000,9158.364566449123,7396.301849075462
1694649600000,9215.95674735268,7577.189666036548
1694736000000,9253.071708379419,7693.761814744802
1694822400000,9250.512055894815,7685.7223562131985
1694908800000,9210.837442383476,7561.1107489733395
1694995200000,9317.063020494481,7894.748278034896
1695081600000,9366.976243944231,8051.517719401169
1695168000000,9400.251726244063,8156.030680312018
1695254400000,9294.026148133058,7822.393151250462
1695340800000,9290.186669406154,7810.333963453057
1695427200000,9297.865626859963,7834.452339047867
1695513600000,9281.227885710046,7782.195858592443
1695600000000,9285.067364436949,7794.255046389849
1695686400000,9238.993619714103,7649.5447928209815
1695772800000,9253.071708379419,7693.761814744802
1695859200000,9358.017460248122,8023.379614540557
1695945600000,9398.971900001761,8152.010951046217
1696032000000,9534.371844887244,8590.161441018621
1696118400000,9534.371844887244,9595.093757469092
1696204800000,9534.371844887244,9394.107294178999
1696291200000,9534.371844887244,9486.561067292441
1696377600000,9534.371844887244,9297.633791799752
1696464000000,9534.371844887244,9124.78543337027
1696550400000,9534.371844887244,9410.186211242206
1696636800000,9534.371844887244,9365.969189318384
1696723200000,9534.371844887244,9333.811355191969
1696809600000,9534.371844887244,8883.601677422159
1696896000000,9534.371844887244,8887.62140668796
1696982400000,9534.371844887244,8847.424114029942
1697068800000,9534.371844887244,8553.983877626406
1697155200000,9534.371844887244,8779.088716511309
1697241600000,9534.371844887244,8843.40438476414
1697328000000,9534.371844887244,8815.266279903526
1697414400000,9534.371844887244,9627.251591595506
1697500800000,9534.371844887244,9619.212133063904
1697587200000,9534.371844887244,9414.205940508007
1697673600000,9534.371844887244,10021.18505964409
1697760000000,9534.371844887244,10865.328205462487
1697846400000,9534.371844887244,11785.846207331118
1697932800000,9534.371844887244,11677.313517154467
1698019200000,9534.371844887244,12814.8968993764
1698105600000,9534.371844887244,12127.523194924279
1698192000000,9534.371844887244,13040.001738261304
1698278400000,9534.371844887244,13172.652804032768
1698364800000,9534.371844887244,12754.60096038937
1698451200000,9534.371844887244,12714.403667731352
1698537600000,9534.371844887244,13196.771179627578
1698624000000,9534.371844887244,14044.934054711774
1698710400000,9534.371844887244,15435.760380679225
1698796800000,9534.371844887244,16541.185928774743
1698883200000,9534.371844887244,16171.37083632097
1698969600000,9534.371844887244,15857.831953588426
1699056000000,9534.371844887244,17047.671816265778
1699142400000,9534.371844887244,16541.185928774743
1699228800000,9534.371844887244,16947.17858462073
1699315200000,9534.371844887244,17256.697738087478
1699401600000,9534.371844887244,17337.092323403518
1699488000000,9534.371844887244,18205.353844816724
1699574400000,9534.371844887244,22779.805749299267
1699660800000,9534.371844887244,22647.154683527802
1699747200000,9534.371844887244,22623.03630793299
1699833600000,9534.371844887244,20741.80301153771
1699920000000,9534.371844887244,22836.081959020492
1700006400000,9534.371844887244,26301.088586141715
1700092800000,9534.371844887244,23234.035156334878
1700179200000,9534.371844887244,23519.43593420681
1700265600000,9534.371844887244,23539.534580535823
1700352000000,9534.371844887244,24560.5458140495
1700438400000,9534.371844887244,22739.608456641246
1700524800000,9534.371844887244,20761.901657866718
1700611200000,9534.371844887244,23137.561653955632
1700697600000,9534.371844887244,22715.490081046435
1700784000000,9534.371844887244,22856.1806053495
1700870400000,9534.371844887244,23644.04754144667
1700956800000,9534.371844887244,23141.581383221433
1701043200000,9534.371844887244,22132.62933750516
1701129600000,9534.371844887244,23386.78486843535
1701216000000,9534.371844887244,23841.014275470963
1701302400000,9534.371844887244,23836.99454620516
1701388800000,9534.371844887244,24017.882363166245
1701475200000,9534.371844887244,25589.59650609478
1701561600000,9534.371844887244,25316.25491602025
1701648000000,9534.371844887244,24777.6111944028
1701734400000,9534.371844887244,24532.407709188887
1701820800000,9534.371844887244,24862.02550898464
1701907200000,9534.371844887244,27229.646046541944
1701993600000,9534.371844887244,30123.8511179193
1702080000000,9534.371844887244,29062.642591747604
1702166400000,9534.371844887244,30095.713013058692
1702252800000,9534.371844887244,28238.59809225822
1702339200000,9534.371844887244,27575.342763400906
1702425600000,9534.371844887244,28387.32807509289
1702512000000,9534.371844887244,30421.311083588644
1702598400000,9534.371844887244,29147.056906329446
1702684800000,9534.371844887244,29633.44414749147
1702771200000,9534.371844887244,28487.82130673794
1702857600000,9534.371844887244,29914.825196097605
1702944000000,9534.371844887244,29344.02364035374
1703030400000,9534.371844887244,33046.19429415727
1703116800000,9534.371844887244,37721.139430284864
1703203200000,9534.371844887244,39353.14951220043
1703289600000,9534.371844887244,43364.8393194707
1703376000000,9534.371844887244,45201.855593942164
1703462400000,9534.371844887244,48602.54655281055
1703548800000,9534.371844887244,45217.93451100537
1703635200000,9534.371844887244,42974.925580687915
1703721600000,9534.371844887244,40920.843925863155
1703808000000,9534.371844887244,42677.465615018584
1703894400000,9534.371844887244,40961.041218521175
1703980800000,9534.371844887244,40888.686091736745
1704067200000,9534.371844887244,44180.844360428484
1704153600000,9534.371844887244,42902.570453903485
1704240000000,9534.371844887244,39602.372726680136
1704326400000,9534.371844887244,42170.97972752754
1704412800000,9534.371844887244,40173.17428242401
1704499200000,9534.371844887244,37693.001325424244
1704585600000,9534.371844887244,35952.45855333203
1704672000000,9534.371844887244,39345.11005366882
1704758400000,9534.371844887244,39940.029985007495
1704844800000,9534.371844887244,41001.238511179195
1704931200000,9534.371844887244,40157.0953653608
1705017600000,9534.371844887244,37029.74599656694
1705104000000,9534.371844887244,38529.105012711036
1705190400000,9534.371844887244,37709.08024248746
1705276800000,9534.371844887244,37930.16535210656
1705363200000,9534.371844887244,39236.57736349217
1705449600000,9534.371844887244,41041.43580383721
1705536000000,9534.371844887244,37946.244269169765
1705622400000,9534.371844887244,37632.70538643722
1705708800000,9534.371844887244,37335.245420767875
1705795200000,9534.371844887244,36615.713882189346
1705881600000,9530.795263648932,33701.41016448298
1705968000000,9545.294696022775,33906.41635703887
1706054400000,9670.956443262761,35683.1366925233
1706140800000,9618.076160487564,34935.46704908415
1706227200000,9770.74665430628,37094.06166481977
1706313600000,9827.607173419396,37898.00751798014
1706400000000,9875.938614665543,38581.36149316646
1706486400000,10037.991094137924,40872.60717467354
1706572800000,10030.030621462087,40760.05475523108
1706659200000,9903.80026903097,38975.29496121504
1706745600000,9927.965989654045,39316.971948808205
1706832000000,10006.71780862571,40430.436955435325
1706918400000,9932.230528587528,39377.267887795235
1707004800000,9862.007787482831,38384.39475914217
1707091200000,9866.840931607445,38452.7301566608
1707177600000,9901.525848266447,38943.13712708863
1707264000000,10022.638753977382,40655.541794320234
1707350400000,10068.695774459007,41306.73793538014
1707436800000,10187.534259405418,42986.98476848532
1707523200000,10246.384896687494,43819.06872650632
1707609600000,10202.317994374827,43196.01069030702
1707696000000,10321.15647932124,44876.25752341221
1707782400000,10345.03789734875,45213.91478173957
1707868800000,10467.703194310927,47018.77322208461
1707955200000,10467.703194310927,45623.92716685136
1708041600000,10467.703194310927,44349.67298959216
1708128000000,10467.703194310927,43782.891163114095
1708214400000,10467.703194310927,45117.44127936032
1708300800000,10467.703194310927,44832.04050148839
1708387200000,10467.703194310927,43537.68767790018
1708473600000,10467.703194310927,42219.216478717164
1708560000000,10467.703194310927,40904.76500879995
1708646400000,10467.703194310927,40157.0953653608
1708732800000,10467.703194310927,41809.204093605375
1708819200000,10467.703194310927,41592.13871325207
1708905600000,10467.703194310927,44176.824631162686
1708992000000,10467.703194310927,43557.78632422919
1709078400000,10467.703194310927,47846.8374508398
1709164800000,10467.703194310927,50519.95741259805
1709251200000,10467.703194310927,52027.35588727376
1709337600000,10467.703194310927,52264.51991395607
1709424000000,10467.703194310927,52320.79612367729
1709510400000,10467.703194310927,53570.93192534168
1709596800000,10467.703194310927,50371.227429763385
1709683200000,10467.703194310927,52574.03906742281
1709769600000,10467.703194310927,57811.746300762665
1709856000000,10467.703194310927,58201.660039545444
1709942400000,10467.703194310927,58000.67357625535
1710028800000,10467.703194310927,58040.870868913364
1710115200000,10467.703194310927,59825.63066292941
1710201600000,10467.703194310927,60718.01055993743
1710288000000,10467.703194310927,65883.36266649285
1710374400000,10467.703194310927,71008.51748039025
1710460800000,10467.703194310927,73942.91984442562
1710547200000,10467.703194310927,73179.17128392326
1710633600000,10467.703194310927,81142.25495947679
1710720000000,10467.703194310927,78754.53577559047
1710806400000,10467.703194310927,68263.04239184756
1710892800000,10467.703194310927,77086.3481302827
1710979200000,10467.703194310927,72138.06140408058
1711065600000,10467.703194310927,70429.67646611478
1711152000000,10467.703194310927,69400.62577406949
1711238400000,10467.703194310927,73914.781739565
1711324800000,10467.703194310927,75968.86339438977
1711411200000,10467.703194310927,76559.76359646264
1711497600000,10467.703194310927,74899.61540968646
1711584000000,10467.703194310927,76226.12606740108
1711670400000,10467.703194310927,77182.82163266193
1711756800000,10467.703194310927,78063.14234187255
1711843200000,10467.703194310927,81379.4189861591
1711929600000,10467.703194310927,77275.27540577538
1712016000000,10467.703194310927,72970.14536210157
1712102400000,10467.703194310927,74385.09006366383
1712188800000,10467.703194310927,73963.01849075462
1712275200000,10467.703194310927,70092.01920778741
1712361600000,10467.703194310927,71824.52252134803
1712448000000,10467.703194310927,72162.17977967538
1712534400000,10467.703194310927,72628.4683745084
1712620800000,10467.703194310927,69308.17200095604
1712707200000,10467.703194310927,69665.92790561242
1712793600000,10467.703194310927,69288.07335462703
1712880000000,10463.776497150162,61566.17343502162
1712966400000,10209.232181589685,55661.19114355866
1713052800000,10209.232181589685,60798.40514525346
1713139200000,10205.402443367566,55677.270060621864
1713225600000,10163.20487334403,54756.752058753234
1713312000000,10082.495110591588,52996.110640332015
1713398400000,10271.002159212017,57108.293679247334
1713484800000,10278.925720395477,57281.142037676815
1713571200000,10439.608170441432,60786.345957456055
1713657600000,10395.015105176386,59813.571475132005
1713744000000,10545.19422993264,63089.65082676053
1713830400000,10504.655079691689,62205.310388284124
1713916800000,10376.219680973762,59403.55909002021
1714003200000,10322.044634742671,58221.75868587446
1714089600000,10218.669801628243,55966.6905677596
1714176000000,10256.997725492416,56802.79425504639
1714262400000,10195.820462401523,55468.24413880017
1714348800000,10191.766547377429,55379.81009495253
1714435200000,9985.567999563562,50958.10790257045
1714521600000,9985.567999563562,54121.63483475653
1714608000000,9985.567999563562,55303.4352389023
1714694400000,9985.567999563562,57759.48982030724
1714780800000,9985.567999563562,58708.14592703649
1714867200000,9985.567999563562,58579.51459053082
1714953600000,9985.567999563562,61429.502639984355
1715040000000,9985.567999563562,59504.05232166526
1715126400000,9985.567999563562,57152.51070117116
1715212800000,9985.567999563562,61329.00940833931
1715299200000,9985.567999563562,58692.067009973274
1715385600000,9985.567999563562,58454.90298329096
1715472000000,9985.567999563562,57654.976859396396
1715558400000,9985.567999563562,59307.08558764096
1715644800000,9985.567999563562,57092.21476218413
1715731200000,9985.567999563562,63720.74832149143
1715817600000,9985.567999563562,64062.425309084596
1715904000000,9985.567999563562,68110.29267974709
1715990400000,9985.567999563562,69300.13254242444
1716076800000,9985.567999563562,68307.25941377137
1716163200000,9985.567999563562,75048.34539252114
1716249600000,9985.567999563562,71611.47687026052
1716336000000,9985.567999563562,71129.1093583643
1716422400000,9985.567999563562,70811.55074636595
1716508800000,9985.567999563562,67410.85978749755
1716595200000,9985.567999563562,67672.14218977468
1716681600000,9985.567999563562,65686.39593246856
1716768000000,9985.567999563562,68395.69345761903
1716854400000,9985.567999563562,67804.79325554614
1716940800000,9985.567999563562,67660.08300197727
1717027200000,9985.567999563562,67081.2419877018
1717113600000,9985.567999563562,66586.81528800818
1717200000000,9985.567999563562,66783.78202203246
1717286400000,9985.567999563562,65581.8829715577
1717372800000,9985.567999563562,66281.31586380722
1717459200000,9985.567999563562,69050.90932794473
1717545600000,9985.567999563562,69758.38167872585
1717632000000,9985.567999563562,68395.69345761903
1717718400000,9985.567999563562,65320.60056928058
1717804800000,9985.567999563562,63443.3870021511
1717891200000,9985.567999563562,65167.850857180114
1717977600000,9985.567999563562,63933.79397257893
1718064000000,9981.822163367728,60018.577667687896
1718150400000,10080.634545119487,62394.23766377681
1718236800000,9948.012124002285,59206.59235599591
1718323200000,9876.338577730941,57502.227147295926
1718409600000,9918.971844523005,58495.100275948986
1718496000000,10018.73714090281,60818.50379158248
1718582400000,9880.135872748859,57590.66119114357
1718668800000,9775.433293774067,55235.09984138366
1718755200000,9775.433293774067,54515.56830280512
1718841600000,9775.433293774067,53683.484344784134
1718928000000,9775.433293774067,54105.55591769333
1719014400000,9775.433293774067,53739.76055450536
1719100800000,9775.433293774067,51729.89592160442
1719187200000,9775.433293774067,53193.07737435631
1719273600000,9775.433293774067,54901.46231232211
1719360000000,9775.433293774067,54993.91608543554
1719446400000,9775.433293774067,60179.36683831998
1719532800000,9775.433293774067,56288.268909023755
1719619200000,9775.433293774067,56388.7621406688
1719705600000,9775.433293774067,58933.250765921395
1719792000000,9775.433293774067,58957.369141516196
1719878400000,9775.433293774067,61915.88988114639
1719964800000,9775.433293774067,56613.866979553706
1720051200000,9775.433293774067,51396.25839254286
1720137600000,9775.433293774067,53993.00349825087
1720224000000,9775.433293774067,57502.227147295926
1720310400000,9775.433293774067,52915.71605501597
1720396800000,9775.433293774067,56199.83486517611
1720483200000,9775.433293774067,56847.01127697021
1720569600000,9775.433293774067,57072.11611585511
1720656000000,9775.433293774067,54559.78532472894
1720742400000,9775.433293774067,56059.14434087305
1720828800000,9775.433293774067,57039.95828172871
1720915200000,9775.433293774067,59355.322338830585
1721001600000,9775.433293774067,64066.44503835039
1721088000000,9775.433293774067,64564.891467309826
1721174400000,9775.433293774067,62506.79008321926
1721260800000,9775.433293774067,64002.129370097566
1721347200000,9775.433293774067,67985.68107250723
1721433600000,9775.433293774067,69782.50005432067
1721520000000,9775.433293774067,74159.98522477892
1721606400000,9775.433293774067,71912.95656519567
1721692800000,9775.433293774067,69553.37548616996
1721779200000,9775.433293774067,71575.29930686831
1721865600000,9775.433293774067,69079.04743280534
1721952000000,9775.433293774067,73585.16393976925
1722038400000,9775.433293774067,73930.86065662821
1722124800000,9775.433293774067,74324.7941246768
1722211200000,9775.433293774067,73388.19720574496
1722297600000,9775.433293774067,72017.46952610652
1722384000000,9775.433293774067,69022.77122308411
1722470400000,9775.433293774067,67278.2087217261
1722556800000,9775.433293774067,61409.40399365535
1722643200000,9771.76628435974,57289.181496208425
1722729600000,9699.838878355902,55604.91493383743
1722816000000,9546.54249354161,52168.046411576826
1722902400000,9546.54249354161,58044.890598179176
1722988800000,9546.54249354161,58193.62058101385
1723075200000,9546.54249354161,65573.84351302609
1723161600000,9546.54249354161,62820.32896595181
1723248000000,9546.54249354161,61907.85042261478
1723334400000,9546.54249354161,56907.30721595724
1723420800000,9546.54249354161,58804.619429415725
1723507200000,9546.54249354161,58949.3296829846
1723593600000,9546.54249354161,57767.52927883885
1723680000000,9546.54249354161,57313.29987180324
1723766400000,9546.54249354161,55890.315711709365
1723852800000,9546.54249354161,57052.01746952611
1723939200000,9546.54249354161,57248.9842035504
1724025600000,9546.54249354161,58000.67357625535
1724112000000,9546.54249354161,57188.688264563374
1724198400000,9546.54249354161,57397.71418638507
1724284800000,9546.54249354161,57570.56254481455
1724371200000,9546.54249354161,61606.37072767964
1724457600000,9546.54249354161,64584.99011363883
1724544000000,9546.54249354161,63881.537492123505
1724630400000,9546.54249354161,63157.98622427917
1724716800000,9546.54249354161,59005.60589270582
1724803200000,9546.54249354161,57864.002781218085
1724889600000,9546.54249354161,56276.20972122635
1724976000000,9546.54249354161,55468.24413880017
1725062400000,9546.54249354161,54407.03561262847
1725148800000,9542.961346788721,51653.52106555418
1725235200000,9662.571723556051,54242.22671273059
1725321600000,9525.131228512846,51267.62705603721
1725408000000,9638.426771724138,53719.66190817634
1725494400000,9559.862813071062,52019.31642874215
1725580800000,9478.884359234795,50266.71446885253
1725667200000,9528.288645290866,51335.96245355583
1725753600000,9573.606862575383,52316.77639441149
1725840000000,9665.171949137952,54298.50292245182
1725926400000,9675.387121066837,54519.58803207092
1726012800000,9615.767663081879,53229.25493774851
1726099200000,9683.187797812534,54688.41666123461
1726185600000,9738.349726228524,55882.27625317776
1726272000000,9703.4324112716,55126.567151207004
1726358400000,9596.265971217641,52807.18336483932
1726444800000,9598.12327520471,52847.38065749734
1726531200000,9599.42338799566,52875.51876235795
1726617600000,9651.42789963363,54001.04295678248
1726704000000,9806.247864978292,57437.91147904308
1726790400000,9806.247864978292,58953.3494122504
1726876800000,9806.247864978292,60058.774960345916
1726963200000,9806.247864978292,58137.34437129262
1727049600000,9806.247864978292,58201.660039545444
1727136000000,9806.247864978292,61393.32507659214
1727222400000,9806.247864978292,59483.95367533624
1727308800000,9806.247864978292,62526.88872954828
1727395200000,9806.247864978292,63367.01214610086
1727481600000,9806.247864978292,63009.2562414445
1727568000000,9806.247864978292,63696.629945896624
1727654400000,9806.247864978292,61296.8515742129
1727740800000,9806.247864978292,58338.33083458271
1727827200000,9806.247864978292,56348.564848010785
1727913600000,9806.247864978292,54997.93581470135
1728000000000,9806.247864978292,57578.60200334616
1728086400000,9806.247864978292,57317.31960106904
1728172800000,9806.247864978292,58880.99428546596
1728259200000,9806.247864978292,57868.0225104839
1728345600000,9806.247864978292,57679.095234991204
1728432000000,9806.247864978292,56006.88786041763
1728518400000,9806.247864978292,55886.29598244357
1728604800000,9806.247864978292,58499.12000521479
1728691200000,9806.247864978292,58848.83645133955
1728777600000,9806.247864978292,59387.48017295701
1728864000000,9806.247864978292,63346.91349977186
1728950400000,9806.247864978292,62209.33011754992
1729036800000,9806.247864978292,62016.38311279143
1729123200000,9806.247864978292,60496.925450318326
1729209600000,9806.247864978292,62281.68524433436
1729296000000,9806.247864978292,64231.253938248265
1729382400000,9806.247864978292,67290.2679095235
1729468800000,9806.247864978292,66795.84120982987
1729555200000,9806.247864978292,67366.64276557374
1729641600000,9806.247864978292,68677.07450622515
1729728000000,9806.247864978292,71225.58286074354
1729814400000,9806.247864978292,66285.33559307303
1729900800000,9806.247864978292,68689.13369402256
1729987200000,9806.247864978292,71000.47802185864
1730073600000,9806.247864978292,71667.75307998175
1730160000000,9806.247864978292,72121.98248701736
1730246400000,9806.247864978292,70293.00567107751
1730332800000,9806.247864978292,67808.81298481194
1730419200000,9806.247864978292,66767.70310496926
1730505600000,9806.247864978292,66795.84120982987
1730592000000,9806.247864978292,65332.659757077985
1730678400000,9806.247864978292,63491.62375334072
1730764800000,9806.247864978292,66976.72902679096
1730851200000,9806.247864978292,75004.12837059732
1730937600000,9806.247864978292,78927.38413401994
1731024000000,9806.247864978292,80334.2893770506
1731110400000,9806.247864978292,80350.36829411381
1731196800000,9806.247864978292,84442.45268670013
1731283200000,9806.247864978292,89290.2461812572
1731369600000,9806.247864978292,85073.55018143103
1731456000000,9806.247864978292,86476.43569519588
1731542400000,9806.247864978292,84241.46622341004
1731628800000,9806.247864978292,87810.98581144211
1731715200000,9806.247864978292,86709.5799926124
1731801600000,9806.247864978292,95456.51087499729
1731888000000,9806.247864978292,96389.08806466332
1731974400000,9806.247864978292,95520.82654325012
1732060800000,9806.247864978292,94656.58475110271
1732147200000,9806.247864978292,103053.79918736285
1732233600000,9806.247864978292,103266.84483845034
1732320000000,9806.247864978292,102458.87925602416
1732406400000,9806.247864978292,101590.61773461096
1732492800000,9806.247864978292,94134.01994654848
1732579200000,9806.247864978292,92731.13443278361
1732665600000,9806.247864978292,97261.36931534234
1732752000000,9806.247864978292,95504.74762618692
1732838400000,9806.247864978292,97812.0722247572
1732924800000,9806.247864978292,95508.76735545271
1733011200000,9806.247864978292,95187.18901418857
1733097600000,9806.247864978292,90733.32898768007
1733184000000,9806.247864978292,94029.50698563762
1733270400000,9806.247864978292,92112.09612585012
1733356800000,9806.247864978292,94801.29500467159
1733443200000,9806.247864978292,95215.32711904918
1733529600000,9806.247864978292,95725.832735806
1733616000000,9806.247864978292,95275.6230580362
1733702400000,9802.569296247942,87079.39508506616
1733788800000,9768.242133009144,85861.4171175282
1733875200000,9924.75868754325,91364.42648241097
1733961600000,9920.985826842281,91231.77541663952
1734048000000,9896.176409505611,90359.4941659605
1734134400000,9840.612461000444,88405.90574278079
1734220800000,9890.231295673784,90150.46824413881
1734307200000,9797.853373056138,86902.52699737088
1734393600000,9877.42643511292,89700.258566369
1734480000000,9687.320499847698,83019.46852660627
1734566400000,9534.752821163693,77906.37290050628
1734652800000,9531.176097011654,78175.694761315
1734739200000,9368.13608574004,72937.98752797514
1734825600000,9364.621863690878,72564.15270625557
1734912000000,9489.040799352088,76419.07307215958
1734998400000,9579.598064306754,79224.84409968929
1735084800000,9584.138901374681,79365.53462399235
1735171200000,9467.633996031858,75755.81774330226
1735257600000,9412.624998408966,74051.45253460227
1735344000000,9558.96969019817,78585.7071464268
1735430400000,9486.835249919095,76350.73767464094
1735516800000,9505.517550998567,76929.57868891642
1735603200000,9478.661743196826,76097.49473089543
1735689600000,9543.141629561394,78095.30017599896
1735776000000,9725.164326884313,83734.980335919
1735862400000,9850.75090636299,87626.07826521523
1735948800000,9833.625463706807,87095.47400212937
1736035200000,9791.33080987411,85785.04226147795
1736121600000,9853.734885007627,87718.53203832866
1736208000000,9645.505070892672,81266.86656671664
1736294400000,9584.657854182444,79381.61354105556
1736380800000,9422.095887150645,74344.8927710058
1736467200000,9457.514416280477,75442.27886056973
1736553600000,9462.833682560049,75607.08776046759
1736640000000,9468.282687041563,75775.91638963127
1736726400000,9395.110341146961,73508.78908371902
1736812800000,9456.08729605913,75398.0618386459
1736899200000,9693.37846740882,82750.14666579754
1736985600000,9761.880238033555,84872.56371814093
1737072000000,9870.471113057989,88237.07711361711
1737158400000,10416.243090360027,105304.8475762119
1737244800000,10416.243090360027,101466.0061273711
1737331200000,10416.243090360027,97353.82308845577
1737417600000,10416.243090360027,100625.8827108185
1737504000000,10416.243090360027,103451.75238467724
1737590400000,10416.243090360027,101743.36744671143
1737676800000,10416.243090360027,101847.88040762229
1737763200000,10416.243090360027,103069.87810442607
1737849600000,10416.243090360027,96674.48884253525
1737936000000,10416.243090360027,94419.4207244204
1738022400000,10416.243090360027,91271.97270929754
1738108800000,10416.243090360027,91714.14292853573
1738195200000,10416.243090360027,95794.16813332465
1738281600000,10416.243090360027,93165.26519349022
1738368000000,10416.243090360027,85632.2925493775
1738454400000,10416.243090360027,81805.51028833409
1738540800000,10416.243090360027,86938.7045607631
1738627200000,10416.243090360027,83063.68554853008
1738713600000,10416.243090360027,78834.93036090651
1738800000000,10416.243090360027,76189.94850400886
1738886400000,10416.243090360027,77174.78217413033
1738972800000,10416.243090360027,80121.24372596311
1739059200000,10416.243090360027,80583.51259153032
1739145600000,10416.243090360027,80583.51259153032
1739232000000,10416.243090360027,79574.56054581406
1739318400000,10416.243090360027,79100.23249244943
1739404800000,10416.243090360027,78083.24098820155
1739491200000,10416.243090360027,80149.38183082372
1739577600000,10416.243090360027,78175.694761315
1739664000000,10416.243090360027,75679.44288725204
1739750400000,10416.243090360027,71362.2536557808
1739836800000,10416.243090360027,68062.05592855746
1739923200000,10416.243090360027,67905.28648719119
1740009600000,10416.243090360027,70747.23507811312
1740096000000,10416.243090360027,67909.30621645699
1740182400000,10416.243090360027,69167.48147665297
1740268800000,10416.243090360027,67507.3332898768
1740355200000,10412.335697170756,57003.780718336486
1740441600000,10458.61052367754,58016.75249331856
1740528000000,10293.027003912812,54394.97642483106
1740614400000,10337.905545126046,55343.63253156031
1740700800000,10537.57702086289,59564.34826065229
1740787200000,10451.623204640935,57747.43063250984
1740873600000,11118.145606981541,71836.58170914544
1740960000000,10423.0987081071,57144.47124263955
1741046400000,10473.111658696424,58201.660039545444
1741132800000,10501.445991920033,58800.59970014993
1741219200000,10444.96748878304,57606.740108206766
1741305600000,10370.423471174618,56031.00623601243
1741392000000,10325.164603340934,55074.310670751576
1741478400000,10121.885696425614,50853.59494165961
1741564800000,10121.885696425614,47561.436672967866
1741651200000,10121.885696425614,50387.30634682659
1741737600000,10121.885696425614,50897.81196358343
1741824000000,10121.885696425614,49591.39995219782
1741910400000,10121.885696425614,53679.46461551833
1741996800000,10121.885696425614,54612.04180518437
1742083200000,10121.885696425614,50700.845229559134
1742169600000,10121.885696425614,51456.554331529886
1742256000000,10121.885696425614,50379.26688829499
1742342400000,10121.885696425614,54398.99615409687
1742428800000,10121.885696425614,51291.74543163201
1742515200000,10121.885696425614,51645.48160702257
1742601600000,10121.885696425614,51657.54079481998
1742688000000,10121.885696425614,53398.0835669122
1742774400000,10121.885696425614,56682.20237707233
1742860800000,10121.885696425614,57739.39117397823
1742947200000,10121.885696425614,55206.961736523044
1743033600000,10121.885696425614,55645.112226495454
1743120000000,10121.885696425614,52051.47426286857
1743206400000,10121.885696425614,50077.78719335984
1743292800000,10121.885696425614,50174.26069573909
1743379200000,10121.885696425614,50061.70827629664
1743465600000,10121.885696425614,50917.91060991244
1743552000000,10121.885696425614,47199.6610390457
1743638400000,10121.885696425614,47099.16780740065
1743724800000,10121.885696425614,49358.25565478131
1743811200000,10121.885696425614,48365.38252612824
1743897600000,10118.088724053741,42572.95265410773
1743984000000,10143.892794850031,43007.08341481433
1744070400000,10105.90346839994,42367.94646155184
1744156800000,10432.038252075252,47854.8769093714
1744243200000,10282.948065252252,45346.56584751103
1744329600000,10488.424925296771,48803.53301610065
1744416000000,10747.182413003999,53156.89981096409
1744502400000,10654.956752565411,51605.28431436456
1744588800000,10679.80511703591,52023.33615800795
1744675200000,10600.720418576915,50692.80577102753
1744761600000,10725.440094092311,52791.10444777612
1744848000000,10809.064397598802,54198.00969080678
1744934400000,10790.189197664478,53880.45107880842
1745020800000,10929.483394648149,56223.95324077093
1745107200000,10881.459151777277,55415.98765834475
1745193600000,10850.398696189151,54893.4228537905
1745280000000,11142.605905298975,59809.5517458662
1745366400000,11197.797945613258,60738.10920626643
1745452800000,11232.44229992309,61320.96994980771
1745539200000,11191.10800133274,60625.55678682398
1745625600000,11152.640821719753,59978.38037502988
1745712000000,11123.252852201758,59483.95367533624
1745798400000,11119.907880061499,59427.67746561502
1745884800000,11083.352113100089,58812.658887947335
1745971200000,11112.740082618086,59307.08558764096
1746057600000,11191.82478107708,60637.61597462139
1746144000000,11124.925338271889,59512.09178019687
1746230400000,11092.909176357975,58973.448058579415
1746316800000,11026.96543987857,57864.002781218085
1746403200000,11093.148102939422,58977.46778784521
1746489600000,11096.970928242576,59041.78345609804
1746576000000,11107.483697826248,59218.65154379332
1746662400000,11511.111743282165,66108.46750537775
1746748800000,11511.111743282165,69452.88225452491
1746835200000,11511.111743282165,71506.96390934967
1746921600000,11511.111743282165,69617.69115442279
1747008000000,11511.111743282165,70031.72326880039
1747094400000,11511.111743282165,73862.52525910958
1747180800000,11511.111743282165,71004.49775112444
1747267200000,11511.111743282165,67997.74026030464
1747353600000,11511.111743282165,67290.2679095235
1747440000000,11511.111743282165,66703.38743671642
1747526400000,11511.111743282165,69661.90817634662
1747612800000,11511.111743282165,67073.2025291702
1747699200000,11511.111743282165,67768.61569215392
1747785600000,11511.111743282165,69754.36194946006
1747872000000,11511.111743282165,72226.49544792822
1747958400000,11511.111743282165,69947.30895421855
1748044800000,11511.111743282165,70694.9785976577
1748131200000,11511.111743282165,70642.72211720227
1748217600000,11511.111743282165,70309.08458814071
1748304000000,11511.111743282165,71032.63585598506
1748390400000,11511.111743282165,69223.75768637421
1748476800000,11511.111743282165,67012.90659018318
1748563200000,11506.793637489467,62788.17113182539
1748649600000,11511.39955608073,62888.66436347044
1748736000000,11534.06067554974,63383.09106316407
1748822400000,11518.400552339448,63041.414075570916
1748908800000,11488.185726380769,62382.1784759794
1748995200000,11452.628034856225,61606.37072767964
1749081600000,11283.38147701653,58000.67357625535
1749168000000,11283.38147701653,59423.657736349225
1749254400000,11283.38147701653,60320.05736262304
1749340800000,11283.38147701653,61280.77265714968
1749427200000,11283.38147701653,64781.956847663125
1749513600000,11283.38147701653,66373.76963692068
1749600000000,11283.38147701653,64705.58199161289
1749686400000,11283.38147701653,61228.51617669426
1749772800000,11283.38147701653,59733.176889815964
1749859200000,11283.38147701653,58141.364100558414
1749945600000,11283.38147701653,61489.798578971386
1750032000000,11283.38147701653,60585.35949416596
1750118400000,11283.38147701653,59319.14477543837
1750204800000,11283.38147701653,58824.71807574474
1750291200000,11283.38147701653,59106.09912435087
1750377600000,11283.38147701653,56320.42674315017
1750464000000,11279.148798539965,54439.193446754885
1750550400000,11201.58002564582,52943.85415987659
1750636800000,11473.733469070969,58089.107620102994
1750723200000,11503.71287182327,58655.88944658105
1750809600000,11453.747200569434,57711.253069117614
1750896000000,11357.855635737606,55898.35517024097
1750982400000,11422.279458673402,57116.33313777894
1751068800000,11605.7704131077,60585.35949416596
1751155200000,11661.051581303433,61630.48910327445
1751241600000,11692.731943077142,62229.42876387893
1751328000000,11524.124380080157,59041.78345609804
1751414400000,11638.726494147464,61208.41753036526
1751500800000,11640.640073046548,61244.595093757474
1751587200000,11541.55921004958,59371.40125589379
1751673600000,11538.369911884442,59311.105316906775
1751760000000,11630.009079162754,61043.60863046738
1751846400000,11566.648355615336,59845.729309258415
1751932800000,11625.969301486912,60967.23377441714
1752019200000,11740.358795676544,63129.84811941856
1752105600000,11890.11914099522,66060.23075418813
1752192000000,11890.11914099522,65493.448927710066
1752278400000,11890.11914099522,64593.02957217044
1752364800000,11890.11914099522,64777.93711839733
1752451200000,11890.11914099522,65204.02842057233
1752537600000,11890.11914099522,65915.52050061926
1752624000000,11890.11914099522,69794.55924211808
1752710400000,11890.11914099522,70694.9785976577
1752796800000,11890.11914099522,71261.76042413576
1752883200000,11890.11914099522,71133.1290876301
1752969600000,11890.11914099522,72929.94806944355
1753056000000,11890.11914099522,78674.14119027443
1753142400000,11890.11914099522,82685.8309975447
1753228800000,11890.11914099522,76133.67229428765
1753315200000,11890.11914099522,73508.78908371902
1753401600000,11890.11914099522,75072.46376811594
1753488000000,11890.11914099522,74316.75466614519
1753574400000,11890.11914099522,75828.1728700867
1753660800000,11890.11914099522,73605.26258609827
1753747200000,11890.11914099522,72950.04671577255
1753833600000,11890.11914099522,71458.72715816007
1753920000000,11890.11914099522,69227.77741564001
1754006400000,11890.11914099522,65405.01488386242
1754092800000,11890.11914099522,63704.66940442822
1754179200000,11890.11914099522,65107.554918193084
1754265600000,11890.11914099522,68154.50970167092
1754352000000,11890.11914099522,65959.73752254309
1754438400000,11890.11914099522,67567.62922886384
1754524800000,11890.11914099522,70489.97240510181
1754611200000,11890.11914099522,71060.77396084566
1754697600000,11890.11914099522,72335.02813810486
1754784000000,11890.11914099522,73424.37476913717
1754870400000,11890.11914099522,70280.9464832801
1754956800000,11890.11914099522,77090.3678595485
1755043200000,11890.11914099522,81001.56443517371
1755129600000,11890.11914099522,77367.72917888883
1755216000000,11890.11914099522,74654.41192447254
1755302400000,11890.11914099522,76214.06687960368
1755388800000,11890.11914099522,76772.80924755015
1755475200000,11890.11914099522,73536.92718857962
1755561600000,11890.11914099522,70835.66912196076
1755648000000,11890.11914099522,75546.79182148057
1755734400000,11890.11914099522,72471.69893314212
1755820800000,11890.11914099522,80671.94663537797
1755907200000,11890.11914099522,82058.75323207962
1755993600000,11890.11914099522,82798.38341698716
1756080000000,11890.11914099522,75249.33185581122
1756166400000,11890.11914099522,78730.41739999567
1756252800000,11890.11914099522,81580.40544944919
1756339200000,11890.11914099522,86195.05464658975
1756425600000,11890.11914099522,82436.607783065
1756512000000,11890.11914099522,81479.91221780414
1756598400000,11890.11914099522,80643.80853051736
1756684800000,11890.11914099522,79317.29787280274
1756771200000,11890.11914099522,84273.62405753645
1756857600000,11890.11914099522,84723.83373530627
1756944000000,11890.11914099522,81327.16250570367
1757030400000,11890.11914099522,81745.21434934708
1757116800000,11890.11914099522,80458.90098429046
1757203200000,11890.11914099522,82947.11339982183
1757289600000,11890.11914099522,86066.4233100841
1757376000000,11890.11914099522,87312.53938248268
1757462400000,11890.11914099522,90070.07365882276
1757548800000,11890.11914099522,91943.26749668644
1757635200000,11890.11914099522,97349.80335918997
1757721600000,11890.11914099522,97430.19794450601
1757808000000,11890.11914099522,96377.02887686592
1757894400000,11890.11914099522,94186.27642700389
1757980800000,11890.11914099522,95251.5046824414
1758067200000,11890.11914099522,98419.05134389328
1758153600000,11890.11914099522,99488.29932859658
1758240000000,11890.11914099522,95882.60217717229
1758326400000,11890.11914099522,96264.47645742346
1758412800000,11890.11914099522,94929.92634117724
1758499200000,11890.11914099522,88586.79355974187
1758585600000,11890.11914099522,85740.82523955415
1758672000000,11890.11914099522,85057.47126436782
1758758400000,11885.658860052456,77476.26186906548
1758844800000,12077.360350301717,82472.78534645721
1758931200000,12050.987900717948,81785.41164200509
1759017600000,12164.651616175475,84747.95211090108
1759104000000,12194.262787637952,85519.74012993503
1759190400000,12131.493273131557,83883.71031875367
1759276800000,12337.537674557954,89254.06861786498
1759363200000,12533.403235794127,94359.12478543338
1759449600000,12504.100514034384,93595.37622493102
1759536000000,12427.296538053586,91593.55105056168
1759622400000,12438.09227764928,91874.93209916781
1759708800000,12496.543496317398,93398.40949090672
1759795200000,12305.613130324971,88421.98465984399
1759881600000,12445.186620812166,92059.8396453947
1759968000000,12320.41871605621,88807.87866936097
1760054400000,11819.11481757474,75743.75855550486
1760140800000,11645.425173790423,71398.43121917303
1760227200000,11645.425173790423,79188.66653629707
1760313600000,11645.425173790423,83887.73004801947
1760400000000,11645.425173790423,81375.3992568933
1760486400000,11645.425173790423,77918.43208830369
1760572800000,11645.425173790423,74304.69547834778
1760659200000,11645.425173790423,73142.99372053104
1760745600000,11645.425173790423,75394.0421093801
1760832000000,11645.425173790423,75514.63398735416
1760918400000,11645.425173790423,76258.28390152751
1761004800000,11645.425173790423,74618.23436108034
1761091200000,11645.425173790423,72403.3635356235
1761177600000,11645.425173790423,76917.51950111901
1761264000000,11645.425173790423,77817.93885665863
1761350400000,11645.425173790423,77918.43208830369
1761436800000,11645.425173790423,80406.64450383505
1761523200000,11645.425173790423,79872.0205114834
1761609600000,11645.425173790423,78043.04369554354
1761696000000,11645.425173790423,77934.51100536689
1761782400000,11645.425173790423,74240.37981009495
1761868800000,11645.425173790423,75253.35158507703
1761955200000,11645.425173790423,74907.65486821807
1762041600000,11645.425173790423,75454.33804836712
1762128000000,11641.056683672105,66751.62418790605
1762214400000,11443.60362097065,62317.862807726575
1762300800000,11443.60362097065,65268.34408882516
1762387200000,11439.310839162335,62418.356039371625
1762473600000,11559.252009262345,65035.199791408646
1762560000000,11489.792990633001,63519.76185820134
1762646400000,11609.734160733013,66136.60561023836
1762732800000,11660.953277918577,67254.09034613128
1762819200000,11427.335146295207,62157.073637094494
1762905600000,11405.041933419474,61670.68639593247
1762992000000,11240.937675823594,58177.54166395063
1763078400000,11240.937675823594,55842.078960519735
1763164800000,11240.937675823594,56119.44027986008
1763251200000,11240.937675823594,55138.62633900441
1763337600000,11240.937675823594,52654.43365273885
1763424000000,11240.937675823594,56553.571040566676
1763510400000,11240.937675823594,55094.40931708059
1763596800000,11240.937675823594,53731.72109597375
1763683200000,11240.937675823594,51725.87619233862
1763769600000,11240.937675823594,51287.72570236621
1763856000000,11240.937675823594,52489.62475284098
1763942400000,11240.937675823594,55649.13195576125
1764028800000,11240.937675823594,55858.157877582955
1764115200000,11240.937675823594,57490.16795949852
1764201600000,11240.937675823594,56617.886708819504
1764288000000,11240.937675823594,55202.94200725725
1764374400000,11240.937675823594,54632.140451513376
1764460800000,11240.937675823594,53655.346239923514
1764547200000,11240.937675823594,50913.890880646635
1764633600000,11240.937675823594,55745.6054581405
1764720000000,11240.937675823594,58153.42328835582
1764806400000,11240.937675823594,55878.25652391196
1764892800000,11240.937675823594,53578.97138387328
1764979200000,11240.937675823594,53136.80116463508
1765065600000,11240.937675823594,53156.89981096409
1765152000000,11240.937675823594,53562.89246681007
1765238400000,11240.937675823594,55424.02711687634
1765324800000,11240.937675823594,54772.83097581644
1765411200000,11240.937675823594,54833.12691480347
1765497600000,11240.937675823594,53168.958998761496
1765584000000,11240.937675823594,53518.67544488625
1765670400000,11240.937675823594,52015.296699476356
1765756800000,11240.937675823594,51376.15974621385
1765843200000,11240.937675823594,51914.803467831305
1765929600000,11236.720919077952,49551.2026595398
1766016000000,11152.961918910158,48075.9620189905
1766102400000,11308.461236363473,50757.12143928036
1766188800000,11297.737145504623,50572.21389305348
1766275200000,11302.866058524072,50660.647936901114
1766361600000,11300.534734424324,50620.4506442431
1766448000000,11255.773311709127,49848.66262520914
1766534400000,11221.269715032828,49253.74269387046
1766620800000,11163.686009769008,48260.86956521739
1766707200000,11214.975139963504,49145.210003693806
1766793600000,11272.558845227326,50138.083132346874
1766880000000,11285.147995365975,50355.14851270017
1766966400000,11238.754645780953,49555.2223888056
1767052800000,11279.086552706625,50250.635551789324
1767139200000,11270.693785947526,50105.925298220456
1767225600000,11323.148578191896,51010.36438302588
1767312000000,11444.1823262454,53176.99845729309
1767398400000,11444.1823262454,53611.1292179997
1767484800000,11444.1823262454,53912.60891293484
1767571200000,11444.1823262454,55432.06657540795
1767657600000,11444.1823262454,56710.34048193295
1767744000000,11444.1823262454,54825.08745627186
1767830400000,11444.1823262454,55620.99385090064
1767916800000,11444.1823262454,54656.258827108184
1768003200000,11444.1823262454,54604.002346652764
1768089600000,11444.1823262454,56155.61784325229
1768176000000,11444.1823262454,55962.670838493796
1768262400000,11444.1823262454,58491.08054668318
1768348800000,11444.1823262454,58965.408600047806
1768435200000,11444.1823262454,57240.9447450188
1768521600000,11444.1823262454,58241.857332203464
1768608000000,11444.1823262454,57771.549008104645
1768694400000,11444.1823262454,55420.007387610545
1768780800000,11444.1823262454,53639.26732286031
1768867200000,11439.889327350267,50568.19416378767
1768953600000,11524.947439234524,52071.57290919757
1769040000000,11500.612631823788,51641.461877756774
1769126400000,11476.96010873298,51223.41003411338
1769212800000,11471.956690386845,51134.97599026574
1769299200000,11277.773670154158,47774.48232405537
1769385600000,11277.773670154158,49941.11639832258
1769472000000,11277.773670154158,51126.936531734136
1769558400000,11277.773670154158,50387.30634682659
1769644800000,11277.773670154158,47360.45020967777
1769731200000,11277.773670154158,47267.99643656433
1769817600000,11273.543095306142,42440.30158833627
1769904000000,11145.486979040908,40514.85127001717
1769990400000,11249.434707807715,42026.26947395867
1770076800000,11061.256529451646,39349.12978293462
1770163200000,11061.256529451646,37029.74599656694
1770249600000,11057.107175596037,31494.57879755774
1770336000000,11378.63891453447,35156.552158703256
1770422400000,11383.227183037432,35208.808639158684
1770508800000,11362.0505591776,34967.62488321057
1770595200000,11354.285797095663,34879.19083936293
1770681600000,11220.873066778728,33359.733176889815
1770768000000,11090.636830040768,31876.45307780892
1770854400000,11058.871894251022,31514.677443886758
1770940800000,11268.167526732352,33898.37689850727
1771027200000,11399.8155383943,35397.73591465137
1771113600000,11332.756229504834,34633.987354149016
1771200000000,11342.991597703753,34750.55950285727
1771286400000,11294.638306557139,34199.85659344241
1771372800000,11172.166831901117,32805.01053820916
1771459200000,11203.578823959866,33162.766442865526
1771545600000,11280.167613586254,34035.04769354453
1771632000000,11297.814800136115,34236.03415683463
1771718400000,11213.814192158785,33279.33859157378
1771804800000,11041.224707701163,31313.69098059666
1771891200000,11079.695574379855,31751.841470569063
1771977600000,11399.8155383943,35397.73591465137
1772064000000,11323.932636229905,34533.494122503966
1772150400000,11180.63748144505,32901.4840405884
1772236800000,11268.873414194346,33906.41635703887
1772323200000,11242.402634369557,33604.93666210373
1772409600000,11349.6975285927,34826.93435890751
1772496000000,11361.344671715608,34959.58542467897
1772582400000,11493.478701895245,36519.24037981009
1772668800000,11493.478701895245,35683.1366925233
1772755200000,11493.478701895245,34047.10688134194
1772841600000,11493.478701895245,33452.18695000326
1772928000000,11493.478701895245,32796.971079677554
1773014400000,11493.478701895245,34151.61984225279
1773100800000,11493.478701895245,34521.43493470656
1773187200000,11493.478701895245,34802.81598331269
1773273600000,11493.478701895245,34907.32894422354
1773360000000,11493.478701895245,35445.972665841
1773446400000,11493.478701895245,35385.67672685397
1773532800000,11493.478701895245,37102.10112335137
1773619200000,11493.478701895245,38669.795537014106
1773705600000,11493.478701895245,38034.67831301741
1773792000000,11493.478701895245,36209.721226343354
1773878400000,11493.478701895245,35731.37344371293
1773964800000,11493.478701895245,36113.24772396411
1774051200000,11493.478701895245,35196.74945136128
1774137600000,11493.478701895245,34650.06627121222
1774224000000,11493.478701895245,36752.38467722661
1774310400000,11493.478701895245,36499.14173348108
1774396800000,11493.478701895245,36860.91736740326
1774483200000,11493.478701895245,34782.71733698368
1774569600000,11493.478701895245,33407.96992807944
1774656000000,11493.478701895245,32997.95754296765
1774742400000,11493.478701895245,32736.675140690524
1774828800000,11493.478701895245,33178.84535992874
1774915200000,11493.478701895245,33444.14749147166
1775001600000,11493.478701895245,32632.16217977968
1775088000000,11493.478701895245,31731.742824240053
1775174400000,11493.478701895245,32318.623297047132
1775260800000,11493.478701895245,32491.47165547661
1775347200000,11493.478701895245,32917.56295765161
1775433600000,11493.478701895245,32169.893314212462
1775520000000,11493.478701895245,34392.8035982009
1775606400000,11493.478701895245,33190.90454772614
1775692800000,11493.478701895245,33496.40397192708
1775779200000,11493.478701895245,34099.36336179736
1775865600000,11493.478701895245,34139.56065445539
1775952000000,11493.478701895245,32772.85270408275
1776038400000,11493.478701895245,34774.67787845208
1776124800000,11493.478701895245,33653.173413293356
1776211200000,11493.478701895245,34127.50146665798
1776297600000,11493.478701895245,35795.68911196576
1776384000000,11493.478701895245,35679.116963257504
1776470400000,11493.478701895245,34633.987354149016
1776556800000,11493.478701895245,33552.680181648306
1776643200000,11493.478701895245,34280.25117875845
1776729600000,11493.478701895245,34581.73087369359
1776816000000,11493.478701895245,34919.38813202095
1776902400000,11493.478701895245,34617.90843708581
1776988800000,11493.478701895245,34642.02681268062
1777075200000,11493.478701895245,34642.02681268062
1777161600000,11493.478701895245,34943.50650761576
1777248000000,11493.478701895245,34095.343632531556
1777334400000,11493.478701895245,33789.84420833062
1777420800000,11493.478701895245,33379.83182321883
1777507200000,11493.478701895245,33399.930469547835
1777593600000,11493.478701895245,33669.25233035656
1777680000000,11493.478701895245,33870.23879364666
1777766400000,11493.478701895245,33729.54826934359
1777852800000,11493.478701895245,33805.92312539383
1777939200000,11493.478701895245,34686.243834604444
1778025600000,11493.478701895245,35839.90613388958
1778112000000,11493.478701895245,35542.44616822024
1778198400000,11493.478701895245,36985.528974643115
1778284800000,11493.478701895245,37435.738652412925
1778371200000,11493.478701895245,38778.32822719075
1778457600000,11493.478701895245,39140.103861112926
1778544000000,11493.478701895245,37898.00751798014
1778630400000,11493.478701895245,36647.871716315756
1778716800000,11493.478701895245,37041.80518436434
1778803200000,11493.478701895245,35872.063968015995
1778889600000,11493.478701895245,34786.73706624949
1778976000000,11493.478701895245,34264.17226169524
1779062400000,11493.478701895245,34320.448471416465
1779148800000,11493.478701895245,33882.29798144406
1779235200000,11493.478701895245,34638.007083414814
1779321600000,11493.478701895245,35116.354866045236
1779408000000,11493.478701895245,33926.51500336789
1779494400000,11493.478701895245,34469.17845425114
1779580800000,11493.478701895245,34276.23144949265
1779667200000,11493.478701895245,34191.81713491081
1779753600000,11493.478701895245,33653.173413293356
1779840000000,11493.478701895245,33138.64806727071
1779926400000,11493.478701895245,33005.99700149925
1780012800000,11493.478701895245,32977.85889663864
1780099200000,11493.478701895245,33255.22021597897
1780185600000,11493.478701895245,33138.64806727071
1780272000000,11493.478701895245,32672.359472437696
1780358400000,11489.167210697196,29838.45034004737
1780444800000,11387.637093841568,28785.281272407276
1780531200000,11274.99658787522,27687.89518284336
1780617600000,11270.767054780194,25581.557047563176
1780704000000,11206.916242462084,25002.716033287707
1780790400000,11400.606120523964,26731.199617582515
1780876800000,11415.020250984382,26859.83095408817
1780963200000,11331.238117683197,26112.161310649022
1781049600000,11251.509958574004,25400.669230602092
1781136000000,11419.975108330153,26904.047976012
1781222400000,11415.020250984382,26859.83095408817
1781308800000,11510.513865284658,27712.01355843817
1781395200000,11615.917194276471,28652.630206635815
1781481600000,11737.536420036256,29737.957108402323
1781568000000,11716.816107499404,29553.049562175434
1781654400000,11650.601195696854,28962.149360102558
1781740800000,11545.19786670504,28021.532711904914
1781827200000,11546.549191435704,28033.591899702322
1781913600000,11703.302860192762,29432.457684201378
1782000000000,11669.069300349267,29126.958260000432
1782086400000,11646.096779927975,28921.95206744454
1782172800000,11545.19786670504,28021.532711904914
1782259200000,11473.127214402946,27378.376029376617
1782345600000,11455.559992904311,27221.606588010345
1782432000000,11643.844572043534,28901.85342111553
1782518400000,11580.782751279201,28339.091323903267
1782604800000,11620.421610045352,28692.82749929383
1782691200000,11790.688526109052,30212.285161766944
1782777600000,11723.572731152726,29613.345501162465
1782864000000,11774.923070917968,30071.59463746388
